{"width": 5, "length": 10, "layouts": [[[4.270716373666637, 1.4602834132889997], [1.869247804340507, 7.820329831583753], [4.6567187426211945, 4.345959543940197], [2.0243162867185127, 4.037645549041077], [3.696019925009969, 9.028236918591205], [1.8850215328281605, 1.7978521365523104]], [[0.8963946321387606, 7.012179336886373], [3.5425295335917255, 6.15366888270764], [1.244976332499662, 8.934686120377105], [1.9168725386656282, 0.929154355257058], [3.002273275937487, 8.1053997473283], [0.35416664490557914, 4.390521107939844]], [[3.422769804269029, 8.74204860175253], [1.2346648160154916, 2.861824769091271], [0.9891552474089732, 8.012414205584012], [1.8740529998330375, 0.690989177088126], [2.5311882623676545, 7.46774695982496], [4.644610915078869, 1.1116167129006893]], [[1.3397181502460898, 3.6064635831207505], [3.936040434079999, 2.4213981346091606], [3.9063980937541958, 6.434001422083657], [0.6561233524861954, 7.53320870444769], [4.135502573097616, 4.29210618243008], [3.665004636119549, 8.267683647229873]], [[3.5293299487214744, 4.25705535102362], [0.3944763749879293, 3.5357640035147897], [4.542470442417286, 0.8987977802321967], [4.690372317832213, 5.70543297659307], [2.9518991573687225, 0.6308591058839497], [0.46550947551332045, 5.596887693775969]], [[2.765550756354491, 7.496930058994815], [1.4158404546842007, 1.2718709049229693], [4.638830330006508, 3.129094306395154], [1.7782129902017874, 2.7664409616589545], [4.632684180642654, 7.907728817706524], [0.5922999545042418, 5.905863246735617]], [[2.61759274429194, 0.6471742084697241], [3.294770299196925, 3.883911309050312], [2.821032306466149, 8.870525321327587], [1.8998180652593621, 2.539037336592753], [0.9255444987108485, 7.458480852661994], [4.635377816272502, 6.243346263970525]], [[2.7253820950546856, 5.81404321831598], [1.8696286980549048, 2.782470694078908], [1.6284466672715663, 8.685526086295244], [0.789699528189664, 1.5792667105689828], [4.545218250396728, 3.149882833985651], [2.534514572779052, 0.7263322730635646]], [[0.7138106127726807, 9.211175195090721], [3.980170197654045, 8.639332528299038], [1.5915048232210864, 1.4584529779093969], [2.469843268865593, 7.803665186376022], [2.393012712719301, 2.7433491424433862], [4.286721136966211, 7.15566092360178]], [[4.352390028541081, 7.210851207058032], [4.721383936311769, 1.2238272956799368], [1.3962920796188043, 7.0306167081085285], [4.16962319259941, 3.931819611158475], [1.0006088816288028, 3.7358336944046378], [1.1932594286804965, 0.86363811800797]], [[2.599400342592055, 6.149906593864233], [4.130598371411284, 4.430761368403344], [0.3731164263781378, 8.37841839660258], [0.3346897927424636, 0.5066809186125198], [4.066095803201666, 6.595755402862742], [1.8828972066601284, 8.10395349927312]], [[0.7584606163116447, 2.4349945584406054], [3.6874759168315596, 4.037110565011236], [2.1793761076044116, 6.83158619307023], [4.714541631687864, 1.3680268576182897], [1.2760416663996055, 0.6610503725749683], [0.54276053802435, 4.043335080338815]], [[4.522582488670393, 6.728224250513484], [3.0622329400691664, 2.2408826962420916], [0.4322747869887167, 7.231474991806529], [4.218585776131093, 1.26353452914844], [0.39268497795107105, 1.4920043808648253], [3.0625545205157847, 5.947662352108207]], [[0.7281101647194915, 3.0462319409076177], [2.848211951868735, 0.5242511136961103], [2.7820930360548797, 6.402166687932218], [3.9788952895687633, 9.31903512270212], [0.5099496729864089, 1.104790490488825], [4.652443489424447, 1.71859728330077]], [[2.75497658053611, 9.437435353932296], [0.48904649809603074, 6.121409755398913], [2.6586063783588294, 1.9038710027858996], [4.56784989433274, 4.36305894817683], [1.308507875215192, 2.6939942767477945], [4.008115209299558, 7.831308236098366]], [[1.8372222299998802, 5.823487049358351], [1.6653553280259374, 0.8415782891087886], [3.2672966441566444, 9.421228684473126], [3.726548794494332, 0.8940621487014955], [1.8081940865988544, 8.044182107600106], [0.8917477392100914, 3.422090253571316]], [[2.2677105521884022, 6.342985115865542], [4.633520117627756, 4.329770955795277], [3.4359039826990396, 9.409251044025698], [0.2546976491983838, 3.085653824643504], [2.6014431128732562, 3.000218861241286], [4.56065626739848, 7.2073314401303215]], [[4.745426647183374, 6.367752534696642], [1.3514572292017228, 0.8195140939683498], [2.9806633141799836, 6.384690971632491], [1.2777800343514993, 9.248262631496145], [0.8202400470910048, 4.1003971042242435], [3.077683457698144, 3.5185728810149874]], [[3.952349738724398, 8.78923523420487], [3.928816585403649, 6.102890254258004], [0.8075454496295809, 5.806748249473653], [3.678586422505659, 3.6090802564899613], [0.8570748042201887, 8.71415704712984], [2.9058143132694885, 1.104757132819093]], [[2.984588906716593, 9.345218102500548], [1.3033146946088092, 3.2170739734065092], [2.5426949207137546, 6.190549756876337], [2.907062244608735, 0.5764778779916191], [3.696694433604817, 3.943731636508817], [4.179708234194904, 7.609399458608786]], [[3.3194245509163673, 3.088070027475446], [4.238019910321845, 5.555527046658897], [0.6677156042915533, 7.74694296136074], [0.8941450848288024, 2.9342715689260626], [3.702049731978146, 8.907088199445061], [1.7258157138399344, 4.248927348962118]], [[1.3397444393660762, 2.080410590912826], [3.5215365292718603, 8.965367692359191], [3.088119381926705, 5.927588946401679], [0.6287818352428498, 3.737345716143418], [1.3488446970239836, 8.541287433612824], [3.471198604416832, 2.3574329985811584]], [[3.0235069000581176, 4.023075507120949], [4.646864496553718, 6.745000993559344], [4.628630721490568, 2.4102701073403576], [0.417861961696096, 1.0555196974923653], [1.9413793242061406, 8.367754079850672], [0.699995737615966, 6.192552883352004]], [[3.333433479855366, 7.065030256158215], [0.8080018541818335, 9.068069493266277], [4.15832739762783, 8.480838566361307], [0.5079581234169012, 1.2919972381357836], [1.7560806063407641, 7.200869758581646], [0.2648978271283614, 3.549369058994251]], [[4.078911020999051, 2.4443566451207186], [2.259801624041968, 0.6613641853769159], [2.070702426135391, 9.342724488119385], [0.5183069289319991, 0.9749758160334332], [3.9070702378584765, 6.104205593625163], [1.9714604310696937, 7.672915246712102]], [[0.9181150788157433, 6.5967369095055615], [4.114028057555808, 8.209997336202038], [1.8947297805226315, 3.9270694451985086], [4.71550088001473, 4.397750876500757], [3.9467815198513794, 1.358002100905088], [0.8198861537562757, 8.431988280919153]], [[4.445725035455061, 2.0421614492630793], [4.54666468829998, 6.6723992089183115], [1.183621967166229, 3.662537956901711], [3.149970116660704, 0.57391594359674], [0.6566013445258345, 6.472968264353978], [1.7814874840219814, 1.2125689793472039]], [[4.376638758346289, 8.61062958745719], [0.2794676757718262, 5.752373671245773], [4.477999941763276, 5.934825499330856], [3.7500966486103664, 2.858513806229628], [0.2658724514719363, 8.920585182666253], [1.4637323895360606, 4.208966397612035]], [[3.799723378466398, 8.251194979335548], [0.28728034938232117, 7.056379640469318], [3.0524322584278654, 1.3250672714376865], [4.740693061445972, 4.455826162733314], [2.2747183025983557, 2.963007216457074], [2.5899262191925327, 5.897956169272805]], [[2.7368059933309596, 1.7691920067428712], [2.109981349484722, 6.663654748394121], [4.600816661777214, 9.164847054612682], [2.070828506426137, 9.448496105933664], [4.673089325624081, 2.301147095183346], [4.5901379519290515, 7.400882961445735]], [[0.48170525369913453, 0.9085217157588488], [3.994666629710679, 4.205189185091193], [2.4335089174411872, 6.0327030461889475], [4.284943275194982, 2.074431486961952], [0.332799137053264, 6.66910453857962], [4.478522833304327, 5.991940938903958]], [[4.167601591500269, 2.458162048191878], [1.2920479443767126, 7.631975671150979], [4.72684625972934, 7.779803284862227], [2.560080683455789, 8.749825004588303], [0.936063882586507, 0.8343701880310261], [3.825379014412014, 5.686291913023975]], [[4.387797111112426, 1.8015798283491613], [0.4593618073648609, 1.2419479436732628], 