{"width": 5, "length": 10, "layouts": [[[1.2876382095889953, 7.465091506583788], [3.312565396088, 1.4818368856501751], [0.786893393990305, 3.7794043097663197], [3.016347355784239, 5.854700447471367], [3.9204040366658526, 8.671118638800849], [4.692725432194774, 0.80526302868692]], [[2.2905412080737024, 6.214636623250264], [4.394873001141427, 2.5163523151076674], [0.8567474326842633, 2.3587196138525646], [2.4347625273015567, 8.496071971638347], [0.4555924634879388, 5.696046062759387], [3.953546155029064, 6.992761046264512]], [[0.9460745899554035, 9.176178735514114], [2.3549706619096877, 3.026093736646022], [0.45284717870325675, 5.525901764837593], [1.3228562960912265, 1.6075310041853053], [3.002867572152541, 8.634872487482067], [3.6675930807402306, 2.0136794319330664]], [[0.8288152656605563, 2.6700852960627075], [2.7493539471723865, 5.57784072396721], [1.652819136465438, 8.766451785173556], [4.365773437790367, 2.570581238132407], [1.0521266615325564, 5.981578629980497], [2.785463448612329, 1.3441047906638726]], [[2.8148150873772035, 6.688067541932129], [1.0187259624794116, 4.220754599761011], [2.9757335836120182, 8.91733150818859], [0.5193433560145372, 7.195022420244985], [3.3768936804277767, 3.0292981875415714], [1.2331190922833297, 0.661983789493128]], [[3.5357195124010996, 7.301759981878147], [1.505945027713886, 3.805906687922058], [3.597186116584212, 2.5532936095709378], [2.1698766876383964, 0.6661729298562569], [3.0722879157584564, 9.115917130937135], [1.2552342818040008, 1.9526093165407366]], [[4.204294016272354, 8.398231740537788], [0.44058097348476877, 2.3595636101381112], [3.7655722643764404, 1.2410378588707294], [0.285692408873095, 8.995609577010748], [2.2707177586517346, 7.687566030004022], [1.0580305438097315, 3.994040805411898]], [[4.541815313319697, 7.055710401050908], [1.7135938035768956, 5.5685406214464805], [4.096456173653392, 1.3397333450859128], [2.967573677182831, 7.204955222562831], [4.13746571701202, 9.387908934437677], [4.644426971619507, 2.7613493782641085]], [[2.3866841250341326, 5.96914716849339], [1.898252940423761, 3.6323825652980535], [4.653089199766168, 6.623934513852369], [2.6057293402069384, 0.7608767472692535], [4.056296999226764, 8.777181428145163], [0.49978361380870584, 1.418457795032142]], [[3.2683347787858006, 2.2825282606495967], [1.0586465784906685, 6.227283453639039], [0.3935744484173753, 1.3725147398687643], [3.4036751527792832, 0.5926668342829522], [0.54187928504288, 3.3670953682154012], [3.00262808568359, 6.725138137860394]], [[0.4360133565039426, 1.533858367349149], [2.124844490952409, 4.312626397886089], [3.5295551130974037, 2.099290226194336], [1.9596243117369587, 6.424380268678865], [0.9002514155994451, 9.402902864322177], [4.019839507704218, 7.666690369492278]], [[2.9960760792148373, 8.629217260089835], [0.9643839507668189, 2.8039101482525397], [2.5410265718840552, 5.757244533883297], [1.3054345647578158, 0.6227261730225497], [0.9818214727015562, 8.155363678579468], [2.453785582802277, 4.089302597841544]], [[3.2944924924580854, 2.3058147642286118], [2.7604874980306526, 6.251383835959067], [0.8222563254185089, 7.7881758423113165], [2.1084999895829135, 3.529935973063373], [2.926898075421383, 0.6139332429193944], [0.7322760605196021, 5.931089372075597]], [[0.4873436890174271, 2.2851677166636297], [3.029673197082887, 1.3584813676099827], [3.296252853776924, 6.191650494709478], [0.555521587917534, 0.594823561061234], [3.055350837185907, 9.143653460485897], [0.854249555783364, 6.910144480811576]], [[0.2577048320299763, 1.8091834453887967], [2.7184381630732686, 2.0241389397024125], [1.6374573613886394, 8.482288656326347], [0.8370107854125081, 4.227290408783534], [4.259474347713482, 2.3160104026113357], [4.062159848587192, 7.0721054855696455]], [[3.243230199475856, 6.427932580215413], [0.9024909848406321, 7.650714234001162], [4.221647127407404, 2.478624947022181], [2.3408449646035647, 0.9831531717763031], [1.6984967946168494, 5.819015419058388], [2.2747092583749855, 9.453808880223631]], [[0.6774720063040568, 3.8638107657331453], [3.6847703800883402, 1.5750089130661393], [0.6521801803011423, 8.374507364255722], [1.664692310369078, 5.545708061144961], [3.649847173542024, 8.431363225056804], [2.186205859959905, 3.839430763261525]], [[1.579016325313637, 1.768163567743225], [1.7735848514959474, 4.212467907370749], [4.473400836250359, 7.432752010761597], [0.49439526855894755, 3.0147424237290465], [4.225499836227363, 0.6562238054675973], [4.328611857753017, 3.0759140738099653]], [[1.6734846590726922, 0.5500536118246968], [3.544457406859933, 2.3708070816486035], [1.6906497858723264, 9.378744443420366], [3.815673030888582, 0.592028348594904], [3.9746779578835585, 8.587809522389314], [0.5904390422693145, 2.5870963672182326]], [[4.238417643411872, 8.619935213882089], [0.7564402174732499, 4.322373899752385], [4.3602937966700654, 0.5841779321830598], [2.768263479245925, 6.0471182685849385], [3.7425282625768497, 2.311087762477536], [0.9051293772182417, 6.138879010255254]], [[1.3716357346256425, 3.9234676267663215], [1.7336503749144383, 8.089138202629968], [0.8667676349563996, 1.119987028559365], [3.4542787483175257, 1.1821142540360952], [3.9818253998895488, 3.461100799748663], [4.608387282622845, 8.640503764470873]], [[2.7358627733696865, 2.734488288178427], [0.4035893647702071, 4.320366879875211], [1.450321001889416, 8.946039528303855], [3.8186431622461123, 8.118542150506649], [2.5712979537176217, 6.14707943425045], [0.9623134225493879, 2.619554187687422]], [[4.5727206796069435, 7.248836014798481], [0.2835765892969755, 3.946896322421801], [2.4258327072965495, 9.015041795178156], [3.097970129636229, 0.8029026735545408], [4.295106380808096, 3.3663656128153763], [2.8194197568928203, 7.2523234965633145]], [[3.7977204465499548, 7.951715625414702], [4.18636494482582, 1.9458410725101216], [1.1880638533284038, 2.546994838625214], [2.647821856306628, 6.728369753879298], [2.067663880548962, 3.9237715052403797], [2.5239955817928506, 1.5608348936213334]], [[1.5008994862389997, 8.415209465743827], [4.596965654489179, 2.4272254745557964], [1.317822354732245, 6.25042964754507], [3.1079253649209475, 8.98069164580228], [2.274785724104265, 0.6096321236169844], [1.8102794746801827, 4.3068593371567445]]],