{"width": 7.5, "length": 10, "layouts": [[[3.338670325208029, 1.4988241871290597], [2.756979743701548, 6.130795083755092], [6.585104029266881, 7.363648198188403], [0.9894740670466179, 2.7667945157847775]], [[6.512671409322207, 8.56800473110557], [4.986675698531434, 3.41397454384842], [3.6396214176082724, 9.411812415248406], [5.182873472798758, 0.8485464681475818]], [[6.557579452659587, 7.104066082971], [3.4532004917405823, 2.8926004424705787], [3.6838495863198393, 7.874480661695214], [6.247239269530404, 2.151129826154088]], [[4.876604059786455, 0.8734137570321931], [6.786895036382969, 6.62899270067411], [0.6320536965771933, 8.443809017862128], [1.8777105794497388, 1.6665241786670937]], [[4.726839598410332, 0.7920863007518475], [1.247102588074791, 9.49402375302871], [0.46464934184194173, 1.3594993385475385], [5.454687375656568, 8.684426842301784]], [[0.43081900805592543, 5.651674663509107], [7.013169579802901, 2.136962444287376], [6.447745390531452, 8.047313778894972], [2.4943396841119863, 8.375588174643806]], [[1.8177013318004034, 7.663190273328081], [3.818296693467756, 0.8898775834949313], [5.2965302138461245, 6.94360531812939], [6.622573118318257, 3.6259088775299664]], [[5.497863328877417, 1.827372500831651], [2.2260804184808185, 3.6660312737168264], [5.798222326736029, 7.003747986038659], [0.6515417458152186, 0.6295681859236701]], [[1.7502596179407268, 2.3986475652999415], [5.245216689674183, 0.5205031601316601], [1.9995566426898115, 7.348502589195862], [5.95009246293412, 8.659373335007771]], [[0.6805163292984484, 8.978374955822515], [1.297010573079618, 0.8460532303486601], [3.8611597774967876, 8.494199489217685], [0.8942603738570789, 4.077728974234516]], [[5.911458853966459, 9.049709283660754], [4.111404849189487, 4.498624672060952], [6.800796132106346, 0.8467117215427145], [2.618929227662415, 8.942118092666668]], [[0.9104702656868304, 2.906882529293886], [4.396990998743878, 5.815788941563529], [3.7821269474954646, 1.575711916425705], [5.090700659680817, 8.958489554941746]], [[6.403365257340354, 2.7441532213065045], [7.016980388790008, 7.639142286371471], [1.9197520466386968, 1.2333211922405507], [4.526921647068319, 9.17454745111759]], [[0.5438589600182764, 9.090963766478982], [1.110616529071101, 2.5955345811657926], [1.7786781162231404, 6.365959520818248], [6.594635173067132, 8.863381602714304]], [[0.8887567495161972, 8.497677183445271], [5.74667076632307, 1.975577273548793], [4.019317382295259, 6.97775662579331], [0.4537265827179032, 5.933562071910581]], [[4.8951715367827555, 1.1259642014884441], [1.6577885751602783, 8.124150671044882], [3.163113335174469, 3.6633665454945574], [5.373746905741897, 7.82993249611385]], [[4.55013798796519, 9.143181931123221], [2.310020056288009, 6.118749548652884], [1.282959063833039, 2.2067345977185138], [6.254889079413014, 3.162083384906186]], [[5.9787897806582615, 6.505480308648731], [0.9928262623689371, 6.229915189633546], [5.5797435967337785, 1.6301030043789466], [0.7704289893182187, 1.2013302979087825]], [[2.4192541146046755, 4.210857711678255], [6.999139571722878, 0.7926691352208004], [0.44130020970017725, 7.039992828969977], [4.568991986396674, 7.960808504133377]], [[6.735736696970248, 9.445769153458587], [5.7911702679017125, 1.7050175832918502], [4.29008950781095, 7.772563329481699], [1.8303123281832636, 1.9720880171151778]], [[2.6609367551149803, 1.6518471432426252], [3.9649244581462706, 8.127160319153257], [1.852019425067707, 4.125729720725308], [7.11426680870095, 8.203518870740062]], [[4.9812511011534415, 8.583226586482763], [2.7543921264306066, 0.5786646759883762], [6.880961006641805, 2.557538592115438], [0.6810544872399074, 9.329925933511898]], [[2.459527610335884, 7.2658066531388235], [7.07804080419502, 3.7061653125219007], [0.4145036968710669, 2.393914441788522], [4.655726837862858, 1.6469576649010653]], [[0.5172529898568976, 4.205803079046922], [5.704900275933148, 8.779466971735193], [4.895335636703136, 0.9011313992973924], [0.7398212811944263, 8.709739973398376]], [[2.7482369930539976, 8.99850691998115], [5.612497302042963, 2.5982697858638257], [0.7217313241341899, 2.862730035646476], [6.97026740821169, 8.224614014052738]]], "objects": ["red_sphere", "orange_capsule", "cyan_cube", "green_capsule", "blue_cube", "yellow_sphere", "cyan_sphere", "red_capsule", "orange_cube", "green_sphere", "purple_capsule", "white_cube", "cyan_capsule", "orange_sphere", "yellow_cube", "green_cube", "white_capsule", "red_sphere", "cyan_cube", "yellow_capsule", "purple_sphere", "white_sphere", "blue_cube", "red_capsule", "purple_cube", "green_capsule", "yellow_sphere", "blue_capsule", "white_cube", "orange_sphere", "cyan_sphere", "purple_capsule", "red_cube", "blue_sphere", "white_capsule", "orange_cube", "red_sphere", "cyan_cube", "yellow_capsule", "purple_sphere", "orange_capsule", "blue_cube", "white_sphere", "cyan_capsule", "green_cube", "yellow_sphere", "red_capsule", "purple_cube", "orange_cube", "blue_sphere", "white_capsule", "green_capsule", "red_cube", "cyan_sphere", "purple_sphere", "blue_cube", "yellow_capsule", "green_cube", "cyan_capsule", "white_sphere", "purple_cube", "blue_capsule", "red_sphere", "yellow_cube", "white_capsule", "green_sphere", "cyan_cube", "red_capsule", "orange_sphere", "purple_capsule", "white_cube", "blue_sphere", "yellow_sphere", "cyan_capsule", "red_cube", "purple_cube", "blue_capsule", "white_sphere", "red_sphere", "yellow_capsule", "green_cube", "cyan_cube", "purple_sphere", "white_capsule", "orange_capsule", "yellow_cube", "green_sphere", "blue_sphere", "white_cube", "cyan_capsule", "red_cube", "purple_capsule", "orange_sphere", "yellow_capsule", "blue_cube", "white_sphere", "red_capsule", "green_cube", "purple_sphere", "white_capsule", "cyan_sphere", "yellow_cube", "orange_cube", "green_sphere", "blue_capsule", "white_cube", "purple_capsule", "yellow_sphere", "red_sphere", "orange_capsule", "cyan_cube", "white_sphere", "yellow_capsule", "blue_cube", "orange_sphere", "red_cube", "cyan_capsule", "purple_sphere", "blue_capsule", "yellow_cube", "green_cube", "cyan_sphere", "red_capsule", "yellow_sphere", "orange_cube", "purple_capsule", "green_capsule", "white_sphere", "cyan_cube", "yellow_capsule", "blue_sphere", "purple_cube", "orange_sphere", "red_cube", "white_capsule", "green_sphere", "blue_cube", "cyan_capsule", "orange_capsule", "white_cube", "purple_sphere", "cyan_sphere", "yellow_cube", "red_capsule", "purple_cube", "blue_capsule", "white_sphere", "cyan_cube", "red_sphere", "yellow_capsule"]}